team_owner,total_revenue,transactions,avg_order_value,unique_customers,repeat_customers,repeat_customer_rate_pct,median_lead_to_purchase_days,success_txns,coupon_used_txns,payment_success_rate_pct,coupon_usage_rate_pct
Branding,1017189.0,1124,904.9724199288256,814,177,15.747330960854091,-1.0,0,53,0.0,4.715302491103203
Customer_Support,3562484.68,3160,1127.3685696202533,2059,598,18.924050632911392,-1.0,0,131,0.0,4.1455696202531644
Marketing,1944097.0,1391,1397.6254493170381,916,264,18.979151689432065,-1.0,0,58,0.0,4.169662113587347
Product_Development,804196.86,562,1430.9552669039147,395,92,16.370106761565836,-1.0,0,37,0.0,6.583629893238434
Sales,6608411.3,3277,2016.6039975587428,2235,510,15.563014952700641,-1.0,0,383,0.0,11.687519072322246
